Place,Season,Tips
Rajasthan,Summer,Carry plenty of water to stay hydrated.
Rajasthan,Summer,"Wear light, breathable clothing to combat heat."
Rajasthan,Summer,Avoid direct sunlight during peak hours (12-3 PM).
Rajasthan,Monsoon,Watch out for sudden rain and thunderstorms.
Rajasthan,Monsoon,Carry waterproof clothing and umbrellas.
Rajasthan,General,Avoid waterlogged areas to prevent infections.
Rajasthan,Winter,Dress in layers to keep warm.
Rajasthan,General,Carry moisturizers to combat dry skin.
Rajasthan,Winter,Stay indoors during extreme cold spells.
Kerala,Summer,Stay in shaded areas and use sunscreen.
Kerala,General,Drink coconut water to stay cool and hydrated.
Kerala,General,Plan outdoor activities in the early morning or late evening.
Kerala,Monsoon,Be cautious of slippery roads and paths.
Kerala,General,Check for weather updates before traveling.
Kerala,Monsoon,Avoid trekking during heavy rains to prevent landslides.
Kerala,Winter,Carry light woolens as temperatures can drop at night.
Kerala,General,Enjoy outdoor activities in the pleasant weather.
Kerala,Winter,Watch out for foggy conditions in the early morning.
Himachal Pradesh,Summer,Stay hydrated and wear comfortable shoes for trekking.
Himachal Pradesh,Summer,Apply sunscreen to avoid sunburn at high altitudes.
Himachal Pradesh,Summer,Carry a hat and sunglasses for protection from the sun.
Himachal Pradesh,Monsoon,Be aware of landslide-prone areas and avoid them.
Himachal Pradesh,Monsoon,Carry rain gear and waterproof shoes.
Himachal Pradesh,General,Check road conditions before traveling.
Himachal Pradesh,Winter,Wear heavy woolens and thermal wear to stay warm.
Himachal Pradesh,Winter,Keep an emergency kit for extreme cold weather conditions.
Himachal Pradesh,Winter,Avoid driving in heavy snow without proper equipment.
Maharashtra,Summer,Avoid crowded beaches during peak heat hours.
Maharashtra,Summer,Use hats and scarves to protect against heat strokes.
Maharashtra,General,Stay in well-ventilated or air-conditioned areas.
Maharashtra,Monsoon,Avoid venturing into the sea during high tide warnings.
Maharashtra,Monsoon,Be cautious of potholes and waterlogged streets.
Maharashtra,General,Keep your phone charged for emergencies during heavy rains.
Maharashtra,Winter,Enjoy outdoor sightseeing as the weather is pleasant.
Maharashtra,Winter,Carry a light jacket for cooler evenings.
Maharashtra,General,Avoid sudden temperature changes to prevent colds.
Tamil Nadu,Summer,Stay indoors during peak afternoon heat.
Tamil Nadu,Summer,Drink plenty of water to prevent dehydration.
Tamil Nadu,Summer,Use sunglasses and sunscreen when outdoors.
Tamil Nadu,Monsoon,Check for weather advisories for cyclonic conditions.
Tamil Nadu,Monsoon,Avoid traveling to coastal areas during heavy rains.
Tamil Nadu,Monsoon,Ensure your vehicles are equipped for monsoon conditions.
Tamil Nadu,Winter,The weather is generally mild; carry a light sweater.
Tamil Nadu,Winter,"Enjoy outdoor activities, but stay cautious of sudden weather changes."
Tamil Nadu,General,Avoid swimming in unsupervised areas.
West Bengal,Summer,Use public transport to avoid walking in the heat.
West Bengal,Summer,Stay hydrated with local drinks like coconut water.
West Bengal,Summer,Avoid outdoor activities during extreme heat.
West Bengal,Monsoon,Be prepared for sudden downpours with umbrellas.
West Bengal,Monsoon,Avoid waterlogged areas to prevent waterborne diseases.
West Bengal,General,Follow local news for weather updates.
West Bengal,Winter,Enjoy outdoor events and festivals during the mild winter.
West Bengal,Winter,Carry a shawl or jacket for cooler mornings and evenings.
West Bengal,General,Watch out for foggy conditions when traveling.
Andhra Pradesh,Summer,Wear light cotton clothes to beat the heat.
Andhra Pradesh,Summer,Stay indoors during the peak afternoon heat.
Andhra Pradesh,General,Keep a water bottle handy to stay hydrated.
Andhra Pradesh,Monsoon,Be cautious of heavy rainfall and flooding in low-lying areas.
Andhra Pradesh,Monsoon,Use raincoats and waterproof footwear.
Andhra Pradesh,General,Monitor local weather forecasts for updates.
Andhra Pradesh,Winter,Enjoy outdoor activities in the pleasant weather.
Andhra Pradesh,Winter,Carry a light sweater for cool evenings.
Andhra Pradesh,Winter,Visit hill stations to experience mild winter chill.
Karnataka,Summer,Avoid outdoor activities during midday heat.
Karnataka,Summer,Drink plenty of water and natural coolants.
Karnataka,Summer,Use sunscreen to protect against sunburns.
Karnataka,Monsoon,Check weather updates before planning travel to Western Ghats.
Karnataka,General,Avoid trekking in heavy rains due to landslide risks.
Karnataka,Monsoon,Carry rain gear to stay dry.
Karnataka,Winter,Enjoy the cool weather in places like Coorg and Chikmagalur.
Karnataka,Winter,Dress warmly for early morning and late-night outings.
Karnataka,Winter,Visit wildlife sanctuaries to see animals in their natural habitat.
Punjab,Summer,Wear light clothing and sunglasses to combat heat.
Punjab,Summer,"Avoid direct sunlight exposure, especially during midday."
Punjab,Summer,Keep yourself hydrated with drinks like lassi.
Punjab,Monsoon,Watch out for waterlogged roads and areas.
Punjab,Monsoon,Use proper rain gear when going out.
Punjab,Monsoon,Stay informed about local weather conditions.
Punjab,Winter,Layer up with warm clothing to stay cozy.
Punjab,Winter,Enjoy winter festivals and fairs.
Punjab,Winter,Be cautious of foggy conditions on the highways.
Gujarat,Summer,Carry water and electrolytes to prevent heatstroke.
Gujarat,Summer,Avoid outdoor activities in the peak afternoon heat.
Gujarat,Summer,"Wear light-colored, loose-fitting clothes."
Gujarat,Monsoon,Be cautious of slippery paths when visiting heritage sites.
Gujarat,Monsoon,Carry an umbrella and wear waterproof footwear.
Gujarat,Monsoon,Keep updated with local weather news.
Gujarat,Winter,Enjoy outdoor events in the cool weather.
Gujarat,Winter,Carry a light jacket for cooler evenings.
Gujarat,Winter,Visit the Rann of Kutch to experience the white desert.
Odisha,Summer,Stay indoors during peak heat hours to avoid heat exhaustion.
Odisha,Summer,Wear hats and sunglasses when going outside.
Odisha,Summer,Drink lots of fluids to keep hydrated.
Odisha,Monsoon,Be cautious of waterlogged areas and flash floods.
Odisha,Monsoon,Carry rain gear and check local advisories.
Odisha,Monsoon,Avoid traveling to cyclone-prone areas.
Odisha,Winter,Visit wildlife sanctuaries in the mild winter climate.
Odisha,Winter,Carry a light sweater for early mornings and evenings.
Odisha,Winter,Enjoy cultural festivals like the Konark Dance Festival.
Assam,Summer,Avoid outdoor activities during the hottest parts of the day.
Assam,Summer,Drink lots of water and local cooling beverages.
Assam,Summer,Use light cotton clothes and stay in shaded areas.
Assam,Monsoon,Be cautious of floods and landslides in hilly areas.
Assam,Monsoon,Carry waterproof clothing and footwear.
Assam,Monsoon,Stay informed about weather conditions and travel advisories.
Assam,Winter,Enjoy tea garden visits and festivals in the cool weather.
Assam,Winter,"Dress warmly, especially for early morning outings."
Assam,Winter,Be cautious of foggy weather affecting visibility.
Rajasthan,Summer,Stay hydrated and avoid direct sunlight during peak hours.
Rajasthan,Summer,"Use hats, sunglasses, and sunscreen to protect against sunburns."
Rajasthan,Summer,"Wear light, breathable fabrics to stay cool."
Rajasthan,Monsoon,Be cautious of slippery roads and sudden downpours.
Rajasthan,Monsoon,Carry an umbrella and wear waterproof footwear.
Rajasthan,Monsoon,Stay updated with weather forecasts to plan trips.
Rajasthan,Winter,Dress in layers to stay warm in the chilly weather.
Rajasthan,Winter,Enjoy desert safaris and cultural festivals in the cooler months.
Rajasthan,Winter,Be mindful of fog when traveling early in the morning.
West Bengal,Summer,Stay indoors during the hottest part of the day.
West Bengal,Summer,Use fans or air conditioning to keep cool.
West Bengal,Summer,Keep hydrated with water and fresh fruit juices.
West Bengal,Monsoon,Watch for waterlogging and heavy rains in urban areas.
West Bengal,Monsoon,Carry a raincoat or umbrella for sudden showers.
West Bengal,Monsoon,Avoid low-lying areas prone to flooding.
West Bengal,Winter,Visit hill stations like Darjeeling to enjoy the winter chill.
West Bengal,Winter,"Dress warmly, especially in the evenings."
West Bengal,Winter,Participate in local winter festivals and fairs.
Kerala,Summer,Stay in shaded areas and use sun protection.
Kerala,Summer,Hydrate regularly with coconut water and other cool drinks.
Kerala,Summer,Wear light cotton clothes to stay comfortable.
Kerala,Monsoon,Be cautious of landslides in hilly regions.
Kerala,Monsoon,Carry rain gear and check weather forecasts before traveling.
Kerala,Monsoon,Avoid trekking in heavy rains.
Kerala,Winter,Enjoy the pleasant weather and explore backwaters.
Kerala,Winter,Dress in layers for cool evenings.
Kerala,Winter,Visit wildlife sanctuaries to see animals in the natural habitat.
Tamil Nadu,Summer,Avoid the heat by staying indoors during midday.
Tamil Nadu,Summer,Use sunscreen and carry water to stay hydrated.
Tamil Nadu,Summer,"Wear loose, light-colored clothing."
Tamil Nadu,Monsoon,Be careful of waterlogged streets and heavy rains.
Tamil Nadu,Monsoon,Carry an umbrella or raincoat when going out.
Tamil Nadu,Monsoon,Monitor local weather updates for any alerts.
Tamil Nadu,Winter,Enjoy cooler weather in hill stations like Ooty.
Tamil Nadu,Winter,Dress in warm layers for early mornings and nights.
Tamil Nadu,Winter,Participate in winter fairs and cultural events.
Bihar,Summer,Keep cool by staying indoors during peak heat.
Bihar,Summer,Drink plenty of fluids to prevent dehydration.
Bihar,Summer,Wear sunglasses and hats to protect from the sun.
Bihar,Monsoon,Watch out for floods and waterlogging in some areas.
Bihar,Monsoon,Use rain gear and avoid traveling during heavy rains.
Bihar,Monsoon,Stay informed about local weather conditions.
Bihar,Winter,Wear warm clothing to protect against the cold.
Bihar,Winter,Enjoy local winter festivals and outdoor activities.
Bihar,Winter,Be cautious of foggy conditions affecting visibility.
Uttar Pradesh,Summer,Avoid direct sun exposure and stay in cool places.
Uttar Pradesh,Summer,Use protective gear like hats and sunglasses.
Uttar Pradesh,Summer,Stay hydrated with water and cool drinks.
Uttar Pradesh,Monsoon,Be alert to heavy rains causing waterlogging.
Uttar Pradesh,Monsoon,Carry raincoats and avoid flood-prone areas.
Uttar Pradesh,Monsoon,Keep track of weather updates for safe travel.
Uttar Pradesh,Winter,Dress in warm clothes to stay comfortable in the cold.
Uttar Pradesh,Winter,Visit historical sites and enjoy the pleasant weather.
Uttar Pradesh,Winter,Watch out for foggy mornings when traveling by road.
Maharashtra,Summer,"Wear light, breathable clothes to stay cool."
Maharashtra,Summer,Avoid the midday sun and hydrate frequently.
Maharashtra,Summer,Use sunscreen to protect your skin from sunburn.
Maharashtra,Monsoon,Be cautious of heavy rains and waterlogged areas.
Maharashtra,Monsoon,Carry rain gear and check weather conditions.
Maharashtra,Monsoon,Avoid outdoor activities during heavy rainfall.
Maharashtra,Winter,Enjoy the cool weather and outdoor attractions.
Maharashtra,Winter,"Dress warmly, especially in hilly regions."
Maharashtra,Winter,Participate in local festivals and events.
Goa,Summer,Stay in shaded areas and use sunscreen.
Goa,Summer,Hydrate regularly to avoid heat exhaustion.
Goa,Summer,Wear light and comfortable clothing.
Goa,Monsoon,Be aware of slippery roads and heavy rains.
Goa,Monsoon,Carry an umbrella or raincoat for sudden showers.
Goa,Monsoon,Avoid water sports during heavy rains.
Goa,Winter,Enjoy the beach weather and outdoor activities.
Goa,Winter,Dress in layers for cooler evenings.
Goa,Winter,Attend winter festivals and celebrations.
Himachal Pradesh,Summer,Stay hydrated and wear light clothing in lower altitudes.
Himachal Pradesh,Summer,Use sunscreen and hats to protect against UV rays.
Himachal Pradesh,Summer,Avoid outdoor activities during peak afternoon heat.
Himachal Pradesh,Monsoon,Be cautious of landslides in hilly areas.
Himachal Pradesh,Monsoon,Carry rain gear and avoid trekking during heavy rains.
Himachal Pradesh,Monsoon,Check weather updates before planning outdoor trips.
Himachal Pradesh,Winter,Dress in warm layers to combat the cold.
Himachal Pradesh,Winter,Enjoy snow activities in places like Manali and Shimla.
Himachal Pradesh,Winter,Be cautious of slippery roads due to snow and ice.
Madhya Pradesh,Summer,Avoid the midday sun and stay hydrated.
Madhya Pradesh,Summer,Use hats and sunscreen when outdoors.
Madhya Pradesh,Summer,"Wear light, breathable fabrics to stay cool."
Madhya Pradesh,Monsoon,Watch for waterlogged roads and heavy rains.
Madhya Pradesh,Monsoon,Carry an umbrella or raincoat for sudden downpours.
Madhya Pradesh,Monsoon,Stay updated on local weather news.
Madhya Pradesh,Winter,Enjoy the cooler weather and outdoor activities.
Madhya Pradesh,Winter,"Dress warmly, especially during early mornings and evenings."
Madhya Pradesh,Winter,Visit wildlife reserves to see animals in their natural habitat.
Andhra Pradesh,Summer,Drink plenty of water to stay hydrated.
Andhra Pradesh,Summer,Avoid crowded areas during festivals for safety.
Andhra Pradesh,Monsoon,Keep emergency numbers handy while traveling in remote areas.
Arunachal Pradesh,Summer,Carry warm clothing during winter months.
Arunachal Pradesh,Winter,Avoid trekking alone in hilly areas.
Arunachal Pradesh,Summer,Follow local advisories for weather updates in remote regions.
Assam,Monsoon,Be cautious while traveling during floods.
Assam,Monsoon,Avoid drinking untreated water from rivers.
Assam,Monsoon,Respect local customs and be aware of wildlife safety in forest areas.
Bihar,Monsoon,Avoid traveling during heavy rains in flood-prone areas.
Bihar,Summer,Use insect repellents to prevent mosquito bites.
Bihar,Summer,Keep a first-aid kit with you while traveling.
Chhattisgarh,Summer,Carry sunscreen to avoid sunburn in summer.
Chhattisgarh,Winter,Avoid visiting remote forest areas without a guide.
Chhattisgarh,Winter,Be cautious of wildlife in forest reserves.
Goa,Winter,Always stay in designated safe areas for swimming.
Goa,Summer,"Keep an eye on your belongings, especially on beaches."
Goa,Winter,Avoid consuming alcohol excessively in public places.
Gujarat,Summer,Be cautious of high temperatures during summer.
Gujarat,Winter,Drink bottled water to avoid waterborne diseases.
Gujarat,Winter,Keep a map or GPS system while traveling in remote areas.
Haryana,Summer,Wear protective clothing in extreme heat.
Haryana,Winter,Avoid lone travel at night in rural areas.
Haryana,Winter,Follow traffic rules to avoid accidents.
Jammu & Kashmir,Winter,Dress warmly in winter to avoid cold-related health issues.
Jammu & Kashmir,Winter,Be aware of local security guidelines.
Jammu & Kashmir,General,Carry a reliable GPS device for mountainous regions.
Jharkhand,Monsoon,Avoid going to forest areas during the monsoon.
Jharkhand,Monsoon,Stay updated with flood warnings.
Jharkhand,Monsoon,Carry waterproof footwear in rainy season.
Karnataka,Summer,Drink plenty of water to avoid dehydration.
Karnataka,Winter,Be cautious while traveling in hilly areas due to slippery roads.
Karnataka,Winter,Respect local wildlife and avoid getting too close to animals.
Kerala,Monsoon,Be cautious about the heavy rainfall during monsoon.
Kerala,Monsoon,"Use mosquito repellents, especially near water bodies."
Kerala,Winter,Always follow local instructions during floods.
Madhya Pradesh,General,Avoid traveling to forests without a guide.
Madhya Pradesh,Summer,Always carry water and snacks when exploring rural areas.
Madhya Pradesh,Winter,Be cautious in areas with wildlife like tigers and leopards.
Maharashtra,Monsoon,Avoid traveling during heavy rains in flood-prone areas.
Maharashtra,General,Keep your valuables in safe places while at beaches or tourist spots.
Maharashtra,General,Stay aware of local laws and rules in urban areas.
Manipur,Winter,Be cautious of high-altitude regions during the winter.
Manipur,General,Stay updated on local political situations and avoid conflict zones.
Manipur,General,Carry a first-aid kit while traveling to remote locations.
Meghalaya,Monsoon,Be cautious while trekking due to slippery conditions.
Meghalaya,Monsoon,Avoid traveling in the hills during heavy rains.
Meghalaya,General,Stay away from isolated areas at night.
Mizoram,Winter,Wear warm clothing during winter in the hilly areas.
Mizoram,Summer,Be cautious while navigating through dense forests.
Mizoram,Summer,Carry enough food and water while trekking in remote areas.
Nagaland,General,Be cautious of local traditions and customs.
Nagaland,Winter,Avoid isolated paths while hiking in the hills.
Nagaland,Winter,Follow all safety instructions from local authorities.
Odisha,Summer,Carry light clothing and sunscreen to avoid sunburns.
Odisha,Summer,Keep an emergency kit in case of travel disruptions.
Odisha,Monsoon,Avoid swimming in unsafe beaches during monsoon season.
Punjab,Winter,Avoid driving on rural roads at night.
Punjab,Summer,Be cautious of the intense heat during summer months.
Punjab,General,Follow all local traffic laws for safety.
Rajasthan,Summer,Carry sufficient water to stay hydrated in the desert areas.
Rajasthan,Summer,Be cautious of high temperatures during summer.
Rajasthan,Summer,Wear proper clothing and sunscreen to protect from the sun.
Sikkim,Winter,Be cautious while trekking in the mountains.
Sikkim,Winter,Always carry a weatherproof jacket due to sudden weather changes.
Sikkim,General,Follow safety instructions from local authorities while visiting.
Tamil Nadu,Summer,Use sunscreen to protect from strong UV rays during summer.
Tamil Nadu,Monsoon,Avoid traveling alone at night in remote areas.
Tamil Nadu,Summer,Carry bottled water to avoid dehydration.
Telangana,Summer,Carry sufficient water during hot weather.
Telangana,General,Avoid venturing out alone after dark in rural areas.
Telangana,Winter,Follow local guidance when visiting remote areas.
Tripura,General, Be aware of political unrest in certain areas.
Tripura,Monsoon,Avoid traveling in hilly areas during the rainy season.
Tripura,Winter,Carry a reliable map or GPS system for better navigation.
Uttar Pradesh,Monsoon,Avoid swimming in unregulated bodies of water.
Uttar Pradesh,General,Carry a first-aid kit and essential medicines.
Uttar Pradesh,General,Stay cautious during festivals due to large crowds.
Uttarakhand,Winter,Carry enough warm clothing for winter visits to the hills.
Uttarakhand,General,Always travel with a local guide when trekking in the mountains.
Uttarakhand,Winter,"Check weather updates regularly, especially during the winter."
West Bengal,Monsoon,"Be cautious during the monsoon season, especially in low-lying areas."
West Bengal,Summer,Carry mosquito repellent to avoid insect bites.
West Bengal,Monsoon,Avoid traveling during peak tourist seasons to avoid crowded places.
Delhi,General,Avoid driving during peak hours to prevent traffic jams.
Delhi,Winter," Keep your valuables secure, especially in crowded places."
Delhi,Winter,Be cautious about air pollution during winter and take necessary precautions.
Lakshadweep,General,Stay within the designated tourist areas to ensure safety.
Lakshadweep,Winter,Be cautious of strong tides while swimming or engaging in water sports.
Lakshadweep,General,Use eco-friendly products to help preserve the environment.
Puducherry,Summer,Wear sunscreen when visiting beaches to avoid sunburn.
Puducherry,General,"Follow traffic rules, as roads can get crowded, especially near tourist spots."
Puducherry,Summer,Always carry a bottle of water to stay hydrated during hot weather.
Andaman & Nicobar,General,Stay away from isolated beaches at night.
Andaman & Nicobar,Summer,Keep your travel permits with you when visiting restricted areas.
Andaman & Nicobar,Monsoon,Be cautious of marine life and follow safety instructions while snorkeling.
Chandigarh,Summer,"Wear comfortable footwear for walking, especially in tourist areas."
Chandigarh,General,Always carry an ID and emergency contact details when exploring.
Chandigarh,Winter,Avoid lone travel at night in unfamiliar areas.
Dadra & Nagar Haveli,Summer,Drink bottled water to avoid waterborne diseases.
Dadra & Nagar Haveli,General,Avoid venturing into forested areas without a guide.
Dadra & Nagar Haveli,Winter,Always carry a flashlight or portable light source when traveling at night.
Daman & Diu,Winter,Avoid swimming in unsupervised beaches.
Daman & Diu,General,"Keep an eye on your belongings, especially in crowded tourist spots."
Daman & Diu,Summer,"Use insect repellent to avoid mosquito bites, especially during evenings."
Lakshadweep,Winter,Be cautious of high tides and unpredictable weather conditions.
Lakshadweep,General,Avoid littering and support eco-friendly tourism practices.
Lakshadweep,General,Respect local cultures and traditions while visiting.
Ladakh,Winter,Dress warmly in winter as temperatures can drop drastically.
Ladakh,Summer,Stay hydrated and take necessary precautions to avoid altitude sickness.
Ladakh,Winter,Avoid traveling alone on remote mountain trails.
Telangana,Summer,Carry sunscreen and wear light clothes during the hot summer months.
Telangana,Winter,Be cautious in rural areas and avoid lone travel during the night.
Telangana,Winter,Follow local health guidelines and carry first-aid supplies.
Bihar,Monsoon,Avoid traveling during heavy rains in flood-prone areas.
Bihar,Summer,Use insect repellents to prevent mosquito bites.
Bihar,General,Keep a first-aid kit with you while traveling.
Assam,Monsoon,Be cautious while traveling during floods.
Assam,Monsoon,Avoid drinking untreated water from rivers.
Assam,Monsoon,Respect local customs and be aware of wildlife safety in forest areas.
Bihar,Monsoon,Avoid traveling during heavy rains in flood-prone areas.
Bihar,Summer,Use insect repellents to prevent mosquito bites.
Haryana,General,Keep a first-aid kit with you while traveling.
Chhattisgarh,Summer,Carry sunscreen to avoid sunburn in summer.
Chhattisgarh,General,Avoid visiting remote forest areas without a guide.
Chhattisgarh,General,Be cautious of wildlife in forest reserves.
Goa,Winter,Always stay in designated safe areas for swimming.
Goa,General,"Keep an eye on your belongings, especially on beaches."
Goa,General,Avoid consuming alcohol excessively in public places.
Haryana,Summer,Wear protective clothing in extreme heat.
Haryana,Winter,Avoid lone travel at night in rural areas.
Haryana,General,Follow traffic rules to avoid accidents.
Jammu & Kashmir,Winter,Dress warmly in winter to avoid cold-related health issues.
Jammu & Kashmir,General,Be aware of local security guidelines.
Jammu & Kashmir,Winter,Carry a reliable GPS device for mountainous regions.
Jharkhand,Monsoon,Avoid going to forest areas during the monsoon.
Jharkhand,Monsoon,Stay updated with flood warnings.
Jharkhand,Monsoon,Carry waterproof footwear in rainy season.
Karnataka,Summer,Drink plenty of water to avoid dehydration.
Karnataka,Winter,Be cautious while traveling in hilly areas due to slippery roads.
Karnataka,General,Respect local wildlife and avoid getting too close to animals.
Kerala,Monsoon,Be cautious about the heavy rainfall during monsoon.
Kerala,Monsoon,"Use mosquito repellents, especially near water bodies."
Kerala,Monsoon,Always follow local instructions during floods.
Madhya Pradesh,General,Avoid traveling to forests without a guide.
Madhya Pradesh,Summer,Always carry water and snacks when exploring rural areas.
Madhya Pradesh,Winter,Be cautious in areas with wildlife like tigers and leopards.
Maharashtra,Monsoon,Avoid traveling during heavy rains in flood-prone areas.
Maharashtra,Monsoon,Keep your valuables in safe places while at beaches or tourist spots.
Maharashtra,General,Stay aware of local laws and rules in urban areas.
Manipur,Winter,Be cautious of high-altitude regions during the winter.
Manipur,Winter,Stay updated on local political situations and avoid conflict zones.
Manipur,General,Carry a first-aid kit while traveling to remote locations.
Meghalaya,Monsoon,Be cautious while trekking due to slippery conditions.
Meghalaya,Monsoon,Avoid traveling in the hills during heavy rains.
Meghalaya,General,Stay away from isolated areas at night.
Mizoram,Winter,Wear warm clothing during winter in the hilly areas.
Mizoram,General,Be cautious while navigating through dense forests.
Mizoram,General,Carry enough food and water while trekking in remote areas.
Nagaland,Summer,Be cautious of local traditions and customs.
Nagaland,Winter,Avoid isolated paths while hiking in the hills.
Nagaland,General,Follow all safety instructions from local authorities.
Odisha,Summer,Carry light clothing and sunscreen to avoid sunburns.
Odisha,General,Keep an emergency kit in case of travel disruptions.
Odisha,Monsoon,Avoid swimming in unsafe beaches during monsoon season.
Punjab,Winter,Avoid driving on rural roads at night.
Punjab,Summer,Be cautious of the intense heat during summer months.
Punjab,General,Follow all local traffic laws for safety.
Rajasthan,Summer,Carry sufficient water to stay hydrated in the desert areas.
Rajasthan,Summer,Be cautious of high temperatures during summer.
Rajasthan,Summer,Wear proper clothing and sunscreen to protect from the sun.
Sikkim,Winter,Be cautious while trekking in the mountains.
Sikkim,Winter,Always carry a weatherproof jacket due to sudden weather changes.
Sikkim,General,Follow safety instructions from local authorities while visiting.
Tamil Nadu,Summer,Use sunscreen to protect from strong UV rays during summer.
Tamil Nadu,Monsoon,Avoid traveling alone at night in remote areas.
Tamil Nadu,Summer,Carry bottled water to avoid dehydration.
Telangana,Summer,Carry sunscreen and wear light clothes during the hot summer months.
Telangana,Winter,Be cautious in rural areas and avoid lone travel during the night.
Telangana,General,Follow local health guidelines and carry first-aid supplies.
Tripura,General,Be aware of political unrest in certain areas.
Tripura,Monsoon,Avoid traveling in hilly areas during the rainy season.
Tripura,Winter,Carry a reliable map or GPS system for better navigation.
Uttar Pradesh,Monsoon,Avoid swimming in unregulated bodies of water.
Uttar Pradesh,General,Carry a first-aid kit and essential medicines.
Uttar Pradesh,General,Stay cautious during festivals due to large crowds.
Uttarakhand,Winter,Carry enough warm clothing for winter visits to the hills.
Uttarakhand,General,Always travel with a local guide when trekking in the mountains.
Uttarakhand,Winter,"Check weather updates regularly, especially during the monsoon."
West Bengal,Monsoon,"Be cautious during the monsoon season, especially in low-lying areas."
West Bengal,General,Carry mosquito repellent to avoid insect bites.
West Bengal,General,Avoid traveling during peak tourist seasons to avoid crowded places.
Arunachal Pradesh,General,Be cautious while traveling to remote regions due to difficult terrain.
Arunachal Pradesh,Winter,Dress warmly in higher altitudes as temperatures can drop sharply.
Arunachal Pradesh,General,"Carry a first-aid kit, especially when trekking through dense forests."
Goa,Summer,Always wear sunscreen to protect from the sun while at the beach.
Goa,General,Avoid drinking alcohol excessively while on beaches or in public areas.
Goa,Winter,Be aware of strong currents in the sea and swim only in designated areas.
Haryana,Summer,"Avoid outdoor activities during peak summer heat, especially midday."
Haryana,Summer,Follow road safety and traffic rules while traveling in urban areas.
Haryana,Winter,Avoid venturing into isolated rural areas at night.
Jharkhand,Monsoon,Avoid swimming in rivers or water bodies without life-saving equipment.
Jharkhand,Monsoon,Use insect repellents to avoid mosquito bites during the monsoon season.
Jharkhand,Monsoon,Be aware of flooding in certain regions during the rainy season.
Karnataka,Summer,Keep hydrated when visiting hot regions in the summer.
Karnataka,General,Avoid trekking alone in remote forest areas.
Karnataka,Monsoon,Stay updated with the weather forecast during monsoon season in hilly areas.
Madhya Pradesh,Summer,Always carry water and light snacks during long travel in rural areas.
Madhya Pradesh,Summer,Be cautious of wild animals in forested regions.
Madhya Pradesh,Winter,Wear comfortable shoes when visiting heritage sites or national parks.
Maharashtra,Monsoon,Avoid trekking during heavy rainfall in the monsoon season.
Maharashtra,Summer,Avoid swimming at beaches without safety supervision.
Maharashtra,General, Keep emergency contact numbers handy while visiting remote locations.
Meghalaya,Summer, Carry waterproof gear for hiking in the wet season.
Meghalaya,Monsoon, Avoid driving in mountainous areas during heavy rains due to slippery roads.
Meghalaya,General,Stay away from secluded locations at night.
Mizoram,Winter,"Wear warm clothing, especially when traveling to higher altitudes."
Mizoram,General,Carry a local guide when exploring forests or tribal areas.
Mizoram,Winter,Keep an extra power bank or flashlight when traveling to remote locations.
Nagaland,General,Be respectful of local customs and traditions.
Nagaland,General,Avoid night travel in the rural areas of the state.
Nagaland,General,Carry a map or GPS for navigation in hilly regions.
Odisha,Summer,Carry a hat and sunscreen when visiting coastal areas in summer.
Odisha,Monsoon,Avoid traveling during monsoon in flood-prone regions.
Odisha,Monsoon,"Use caution while crossing rivers or streams, especially during the rainy season."
Punjab,Summer,Be cautious of intense heat in summer and drink plenty of water.
Punjab,General,Use caution while driving on rural roads during night time.
Punjab,General,Follow local agricultural safety guidelines when near farm equipment.
Rajasthan,Summer,Stay hydrated and avoid midday sun in desert areas.
Rajasthan,Winter,Wear protective clothing and sunglasses during desert excursions.
Rajasthan,General,Always have an emergency kit when traveling in remote areas.
Tamil Nadu,Summer,Carry light clothing and sunscreen when visiting coastal regions.
Tamil Nadu,Monsoon,Avoid driving at night on unfamiliar rural roads.
Tamil Nadu,Summer,Always carry bottled water to stay hydrated during hot weather.
Uttar Pradesh,General,"Avoid walking alone in secluded areas, especially in busy cities."
Uttar Pradesh,Monsoon,Use mosquito repellents to prevent mosquito-borne diseases.
Uttar Pradesh,General,Avoid water activities in unfamiliar bodies of water.
Uttarakhand,Winter,"Be prepared for cold weather, especially in high-altitude areas."
Uttarakhand,Winter,"Carry necessary trekking gear, including warm clothing and footwear."
Uttarakhand,Summer,Follow safety measures for mountain climbing and trekking activities.
Andhra Pradesh,Summer,Avoid outdoor activities during the midday heat.
Andhra Pradesh,General,"Carry a first-aid kit, especially while traveling in rural areas."
Andhra Pradesh,Winter,Be cautious when traveling near coastal areas during storms.
Chhattisgarh,Summer,Stay alert when trekking in forest areas due to wildlife.
Chhattisgarh,General,Avoid traveling during heavy rainfall due to the risk of landslides.
Chhattisgarh,General,Ensure that your mobile phone is fully charged before traveling to remote locations.
Delhi,Summer,Avoid outdoor activities during extreme heat in summer.
Delhi,General,Be cautious while traveling on busy roads and during peak traffic hours.
Delhi,General,Keep emergency numbers handy in case of unexpected situations.
Jammu & Kashmir,Winter,"Dress in layers, as temperatures can vary greatly, especially in the mountains."
Jammu & Kashmir,General,Be cautious while traveling in remote areas due to the risk of landslides.
Jammu & Kashmir,Summer,Carry a local guide for trekking in mountainous regions.
Jharkhand,Summer,Use insect repellents to protect against mosquito bites in forest areas.
Jharkhand,Monsoon,Carry a raincoat or umbrella during the monsoon season.
Jharkhand,Winter,Stay updated on road conditions when traveling to hilly or remote areas.
Karnataka,Summer,Wear sunscreen and stay hydrated when visiting coastal areas.
Karnataka,Winter,"Avoid traveling alone in isolated regions, especially after sunset."
Karnataka,Monsoon,Be cautious of sudden weather changes in hill stations during monsoon.
Kerala,Monsoon,"Be cautious while traveling on wet, slippery roads during the monsoon."
Kerala,Winter,Avoid venturing into deep forests or remote regions without a guide.
Kerala,Monsoon,Use insect repellents and avoid being outdoors during peak mosquito hours.
Madhya Pradesh,Summer,Drink plenty of water and avoid outdoor activities during midday heat.
Madhya Pradesh,Winter,Stay cautious around wildlife reserves or national parks.
Madhya Pradesh,Monsoon,Keep an eye on weather conditions during the monsoon season.
Maharashtra,Monsoon,Avoid trekking during monsoon in high-altitude regions due to slippery paths.
Maharashtra,Winter,Be cautious while exploring beaches; always swim in designated areas.
Maharashtra,General,Keep emergency contact numbers readily available when visiting remote areas.
Nagaland,Summer,Carry extra water and supplies while trekking in hilly regions.
Nagaland,Summer,Be respectful of local traditions and customs while traveling.
Nagaland,General,Avoid traveling in remote locations without a guide or local contact.
Odisha,Summer,Use sunscreen and carry light clothing for hot coastal areas.
Odisha,Monsoon,Be aware of sudden changes in weather conditions during the monsoon.
Odisha,Monsoon,Avoid crossing rivers or water bodies during heavy rainfall.
Punjab,Summer,Keep hydrated and use sunscreen in the summer to protect from heat.
Punjab,General,"Be cautious of road safety, especially on rural roads."
Punjab,General,Use mosquito repellents while traveling in rural and agricultural areas.
Rajasthan,Summer,Carry ample water and wear appropriate clothing for desert areas.
Rajasthan,Summer,Avoid venturing into desert regions without sufficient preparation.
Rajasthan,Summer,Always use sunscreen and stay protected from harsh sun in summer.
Tamil Nadu,Summer,Stay hydrated when visiting coastal areas in summer.
Tamil Nadu,Summer,Avoid outdoor activities during midday in extreme heat.
Tamil Nadu,Summer,Carry a portable fan and sunscreen when visiting temples and historical sites.
Uttar Pradesh,Winter,Avoid traveling during peak hours in busy cities like Agra or Varanasi.
Uttar Pradesh,Summer,Use mosquito repellent and wear light clothing when traveling in rural areas.
Uttar Pradesh,Winter,Stay alert during peak tourist seasons to avoid overcrowded places.
West Bengal,Monsoon,"Be cautious of weather conditions during monsoon, especially in hilly areas."
West Bengal,Monsoon,Avoid entering water bodies during the monsoon season.
West Bengal,Summer,Carry insect repellents when traveling in rural regions.
